"mean_pi","mean_mu0","mean_mu1","odds_after_adjusting","mean_mu","sd_bar","mu_stan","p_val"
0.392086330935252,0.842351780447011,0.921441028994986,2.19516582086812,0.0790892485479749,0.0571553558484885,1.3837591836123,0.166432204816945
